{
  "Get Incidents List" : {
    "transaction" : "Get Incidents List",
    "sampleCount" : 5000,
    "errorCount" : 5000,
    "errorPct" : 100.0,
    "meanResTime" : 0.0,
    "medianResTime" : 0.0,
    "minResTime" : 0.0,
    "maxResTime" : 0.0,
    "pct1ResTime" : 0.0,
    "pct2ResTime" : 0.0,
    "pct3ResTime" : 0.0,
    "throughput" : 249.05359633393107,
    "receivedKBytesPerSec" : 55.904603522240485,
    "sentKBytesPerSec" : 0.0
  },
  "Get Dashboard KPIs" : {
    "transaction" : "Get Dashboard KPIs",
    "sampleCount" : 8000,
    "errorCount" : 8000,
    "errorPct" : 100.0,
    "meanResTime" : 9.01337499999999,
    "medianResTime" : 6.0,
    "minResTime" : 1.0,
    "maxResTime" : 126.0,
    "pct1ResTime" : 20.0,
    "pct2ResTime" : 27.0,
    "pct3ResTime" : 49.0,
    "throughput" : 505.3057099545225,
    "receivedKBytesPerSec" : 187.3726866472966,
    "sentKBytesPerSec" : 88.32980672056594
  },
  "Get Incident Details" : {
    "transaction" : "Get Incident Details",
    "sampleCount" : 5000,
    "errorCount" : 5000,
    "errorPct" : 100.0,
    "meanResTime" : 7.987000000000006,
    "medianResTime" : 4.0,
    "minResTime" : 1.0,
    "maxResTime" : 148.0,
    "pct1ResTime" : 18.0,
    "pct2ResTime" : 26.0,
    "pct3ResTime" : 50.98999999999978,
    "throughput" : 249.83760555638835,
    "receivedKBytesPerSec" : 92.5716643556688,
    "sentKBytesPerSec" : 40.745000124918796
  },
  "Get Categories" : {
    "transaction" : "Get Categories",
    "sampleCount" : 8000,
    "errorCount" : 8000,
    "errorPct" : 100.0,
    "meanResTime" : 8.94899999999998,
    "medianResTime" : 6.0,
    "minResTime" : 1.0,
    "maxResTime" : 102.0,
    "pct1ResTime" : 20.0,
    "pct2ResTime" : 27.0,
    "pct3ResTime" : 48.0,
    "throughput" : 507.16368708000505,
    "receivedKBytesPerSec" : 188.06164416127805,
    "sentKBytesPerSec" : 82.2159883352352
  },
  "Create Incident" : {
    "transaction" : "Create Incident",
    "sampleCount" : 5000,
    "errorCount" : 5000,
    "errorPct" : 100.0,
    "meanResTime" : 7.917800000000015,
    "medianResTime" : 4.0,
    "minResTime" : 1.0,
    "maxResTime" : 85.0,
    "pct1ResTime" : 19.0,
    "pct2ResTime" : 26.0,
    "pct3ResTime" : 46.0,
    "throughput" : 249.1280518186348,
    "receivedKBytesPerSec" : 92.44986297957149,
    "sentKBytesPerSec" : 87.07351418472845
  },
  "Total" : {
    "transaction" : "Total",
    "sampleCount" : 54000,
    "errorCount" : 39008,
    "errorPct" : 72.23704,
    "meanResTime" : 3767.6273518518587,
    "medianResTime" : 13066.0,
    "minResTime" : 0.0,
    "maxResTime" : 30743.0,
    "pct1ResTime" : 14920.900000000001,
    "pct2ResTime" : 15978.900000000001,
    "pct3ResTime" : 17581.99,
    "throughput" : 38.95609215568586,
    "receivedKBytesPerSec" : 18.557962725557577,
    "sentKBytesPerSec" : 7.184859276302216
  },
  "Get Users by Role" : {
    "transaction" : "Get Users by Role",
    "sampleCount" : 8000,
    "errorCount" : 8000,
    "errorPct" : 100.0,
    "meanResTime" : 9.156250000000028,
    "medianResTime" : 6.0,
    "minResTime" : 1.0,
    "maxResTime" : 112.0,
    "pct1ResTime" : 20.0,
    "pct2ResTime" : 27.949999999999818,
    "pct3ResTime" : 49.0,
    "throughput" : 507.16368708000505,
    "receivedKBytesPerSec" : 188.06164416127805,
    "sentKBytesPerSec" : 88.15931279320401
  },
  "Login Request" : {
    "transaction" : "Login Request",
    "sampleCount" : 15000,
    "errorCount" : 8,
    "errorPct" : 0.053333335,
    "meanResTime" : 13543.69360000004,
    "medianResTime" : 13277.0,
    "minResTime" : 659.0,
    "maxResTime" : 30743.0,
    "pct1ResTime" : 15571.9,
    "pct2ResTime" : 16233.949999999999,
    "pct3ResTime" : 17990.97,
    "throughput" : 10.821191355455214,
    "receivedKBytesPerSec" : 8.653131851166776,
    "sentKBytesPerSec" : 2.3882707483719514
  }
}