{
  "Get Incidents List" : {
    "transaction" : "Get Incidents List",
    "sampleCount" : 5000,
    "errorCount" : 5000,
    "errorPct" : 100.0,
    "meanResTime" : 2.000000000000006E-4,
    "medianResTime" : 0.0,
    "minResTime" : 0.0,
    "maxResTime" : 1.0,
    "pct1ResTime" : 0.0,
    "pct2ResTime" : 0.0,
    "pct3ResTime" : 0.0,
    "throughput" : 252.98522566282128,
    "receivedKBytesPerSec" : 44.62901495458915,
    "sentKBytesPerSec" : 0.0
  },
  "Get Dashboard KPIs" : {
    "transaction" : "Get Dashboard KPIs",
    "sampleCount" : 8000,
    "errorCount" : 8000,
    "errorPct" : 100.0,
    "meanResTime" : 2.6367500000000086,
    "medianResTime" : 2.0,
    "minResTime" : 0.0,
    "maxResTime" : 96.0,
    "pct1ResTime" : 4.0,
    "pct2ResTime" : 5.0,
    "pct3ResTime" : 10.0,
    "throughput" : 514.8999163287637,
    "receivedKBytesPerSec" : 190.93031955976056,
    "sentKBytesPerSec" : 90.00691896762567
  },
  "Get Incident Details" : {
    "transaction" : "Get Incident Details",
    "sampleCount" : 5000,
    "errorCount" : 5000,
    "errorPct" : 100.0,
    "meanResTime" : 2.749399999999996,
    "medianResTime" : 2.0,
    "minResTime" : 0.0,
    "maxResTime" : 76.0,
    "pct1ResTime" : 4.0,
    "pct2ResTime" : 6.0,
    "pct3ResTime" : 11.989999999999782,
    "throughput" : 253.84576331421027,
    "receivedKBytesPerSec" : 94.20057622988273,
    "sentKBytesPerSec" : 41.39867429050109
  },
  "Get Categories" : {
    "transaction" : "Get Categories",
    "sampleCount" : 8000,
    "errorCount" : 8000,
    "errorPct" : 100.0,
    "meanResTime" : 2.618124999999995,
    "medianResTime" : 2.0,
    "minResTime" : 0.0,
    "maxResTime" : 86.0,
    "pct1ResTime" : 4.0,
    "pct2ResTime" : 5.0,
    "pct3ResTime" : 10.0,
    "throughput" : 518.0340607394936,
    "receivedKBytesPerSec" : 192.0924933626886,
    "sentKBytesPerSec" : 83.97817781519134
  },
  "Create Incident" : {
    "transaction" : "Create Incident",
    "sampleCount" : 5000,
    "errorCount" : 5000,
    "errorPct" : 100.0,
    "meanResTime" : 0.01240000000000001,
    "medianResTime" : 0.0,
    "minResTime" : 0.0,
    "maxResTime" : 1.0,
    "pct1ResTime" : 0.0,
    "pct2ResTime" : 0.0,
    "pct3ResTime" : 1.0,
    "throughput" : 253.1004808909137,
    "receivedKBytesPerSec" : 47.67276085168312,
    "sentKBytesPerSec" : 0.0
  },
  "Total" : {
    "transaction" : "Total",
    "sampleCount" : 54000,
    "errorCount" : 54000,
    "errorPct" : 100.0,
    "meanResTime" : 1.4319999999999746,
    "medianResTime" : 0.0,
    "minResTime" : 0.0,
    "maxResTime" : 96.0,
    "pct1ResTime" : 3.0,
    "pct2ResTime" : 3.0,
    "pct3ResTime" : 4.0,
    "throughput" : 1824.9408583981076,
    "receivedKBytesPerSec" : 498.4869716859581,
    "sentKBytesPerSec" : 165.64268967556606
  },
  "Get Users by Role" : {
    "transaction" : "Get Users by Role",
    "sampleCount" : 8000,
    "errorCount" : 8000,
    "errorPct" : 100.0,
    "meanResTime" : 2.6742499999999914,
    "medianResTime" : 2.0,
    "minResTime" : 0.0,
    "maxResTime" : 85.0,
    "pct1ResTime" : 4.0,
    "pct2ResTime" : 5.0,
    "pct3ResTime" : 10.0,
    "throughput" : 518.168275147354,
    "receivedKBytesPerSec" : 192.14226148066584,
    "sentKBytesPerSec" : 90.07221970334867
  },
  "Login Request" : {
    "transaction" : "Login Request",
    "sampleCount" : 15000,
    "errorCount" : 15000,
    "errorPct" : 100.0,
    "meanResTime" : 0.005666666666666707,
    "medianResTime" : 0.0,
    "minResTime" : 0.0,
    "maxResTime" : 3.0,
    "pct1ResTime" : 0.0,
    "pct2ResTime" : 0.0,
    "pct3ResTime" : 0.0,
    "throughput" : 507.0822487407457,
    "receivedKBytesPerSec" : 73.40807866535953,
    "sentKBytesPerSec" : 0.0
  }
}